,SampleSize,AvgBreadth,AvgDepth,Accuracy
SampleSize,1,0.3096749,-0.06515983,0.9277057
AvgBreadth,0.30967492,1,0.9258201,0.6256444
AvgDepth,-0.06515983,0.9258201,1,0.2849079
Accuracy,0.92770575,0.6256444,0.28490785,1
