,SampleSize,AvgBreadth,AvgDepth,Accuracy
SampleSize,1,-0.09704308,-0.2941312,0.8135224
AvgBreadth,-0.09704308,1,0.9797959,0.3111584
AvgDepth,-0.29413121,0.9797959,1,0.1346012
Accuracy,0.81352236,0.31115837,0.1346012,1
