,SampleSize,AvgBreadth,AvgDepth,Accuracy
SampleSize,1,0.8438314,0.7108185,0.9096889
AvgBreadth,0.8438314,1,0.9350035,0.981222
AvgDepth,0.7108185,0.9350035,1,0.8569804
Accuracy,0.9096889,0.981222,0.8569804,1
