,SampleSize,AvgBreadth,AvgDepth,Accuracy
SampleSize,1,0.9678027,0.9893215,0.9320788
AvgBreadth,0.9678027,1,0.9799489,0.8337958
AvgDepth,0.9893215,0.9799489,1,0.8702433
Accuracy,0.9320788,0.8337958,0.8702433,1
