,SampleSize,AvgBreadth,AvgDepth,Accuracy
SampleSize,1,0.4132251,0.03417151,0.8951869
AvgBreadth,0.41322514,1,0.92338374,0.767587
AvgDepth,0.03417151,0.9233837,1,0.4628273
Accuracy,0.89518692,0.767587,0.46282731,1
